{"mean_accuracy": 0.8546409034762661, "mean_micro_f1": 0.8546409034762661, "mean_macro_f1": 0.3405644288665022}