{"mean_accuracy": 0.8080112934533262, "mean_micro_f1": 0.8080112934533262, "mean_macro_f1": 0.3380733729059311}