{"mean_accuracy": 0.8373036880183516, "mean_micro_f1": 0.8373036880183516, "mean_macro_f1": 0.3679784645046695}